token	address	name
EXT:ADVAPI32.DLL::DeregisterEventSource	EXTERNAL:0000011a	DeregisterEventSource
EXT:ADVAPI32.DLL::GetUserNameA	EXTERNAL:0000011d	GetUserNameA
EXT:ADVAPI32.DLL::GetUserNameW	EXTERNAL:00000112	GetUserNameW
EXT:ADVAPI32.DLL::RegCloseKey	EXTERNAL:0000011c	RegCloseKey
EXT:ADVAPI32.DLL::RegEnumKeyExW	EXTERNAL:00000116	RegEnumKeyExW
EXT:ADVAPI32.DLL::RegOpenKeyExA	EXTERNAL:00000114	RegOpenKeyExA
EXT:ADVAPI32.DLL::RegOpenKeyExW	EXTERNAL:0000011b	RegOpenKeyExW
EXT:ADVAPI32.DLL::RegQueryValueExA	EXTERNAL:00000113	RegQueryValueExA
EXT:ADVAPI32.DLL::RegQueryValueExW	EXTERNAL:00000117	RegQueryValueExW
EXT:ADVAPI32.DLL::RegSetValueExA	EXTERNAL:00000115	RegSetValueExA
EXT:ADVAPI32.DLL::RegisterEventSourceA	EXTERNAL:00000118	RegisterEventSourceA
EXT:ADVAPI32.DLL::ReportEventA	EXTERNAL:00000119	ReportEventA
EXT:DBGHELP.DLL::SymCleanup	EXTERNAL:000001e7	SymCleanup
EXT:DBGHELP.DLL::UnDecorateSymbolName	EXTERNAL:000001e3	UnDecorateSymbolName
EXT:GDI32.DLL::CreateDCA	EXTERNAL:00000111	CreateDCA
EXT:GDI32.DLL::DeleteDC	EXTERNAL:0000010f	DeleteDC
EXT:GDI32.DLL::DeleteObject	EXTERNAL:0000010d	DeleteObject
EXT:GDI32.DLL::ExtEscape	EXTERNAL:0000010e	ExtEscape
EXT:GDI32.DLL::GetDeviceCaps	EXTERNAL:00000110	GetDeviceCaps
EXT:KERNEL32.DLL::CancelIo	EXTERNAL:00000078	CancelIo
EXT:KERNEL32.DLL::CloseHandle	EXTERNAL:0000002a	CloseHandle
EXT:KERNEL32.DLL::CompareStringW	EXTERNAL:00000035	CompareStringW
EXT:KERNEL32.DLL::CopyFileW	EXTERNAL:0000008c	CopyFileW
EXT:KERNEL32.DLL::CreateDirectoryW	EXTERNAL:00000090	CreateDirectoryW
EXT:KERNEL32.DLL::CreateEventA	EXTERNAL:00000049	CreateEventA
EXT:KERNEL32.DLL::CreateFileA	EXTERNAL:0000002c	CreateFileA
EXT:KERNEL32.DLL::CreateFileW	EXTERNAL:0000007f	CreateFileW
EXT:KERNEL32.DLL::CreateMutexA	EXTERNAL:00000059	CreateMutexA
EXT:KERNEL32.DLL::CreateSemaphoreA	EXTERNAL:0000005f	CreateSemaphoreA
EXT:KERNEL32.DLL::CreateThread	EXTERNAL:00000065	CreateThread
EXT:KERNEL32.DLL::DeleteCriticalSection	EXTERNAL:000000ae	DeleteCriticalSection
EXT:KERNEL32.DLL::DeleteFileW	EXTERNAL:0000008a	DeleteFileW
EXT:KERNEL32.DLL::DeviceIoControl	EXTERNAL:0000002b	DeviceIoControl
EXT:KERNEL32.DLL::DuplicateHandle	EXTERNAL:00000056	DuplicateHandle
EXT:KERNEL32.DLL::EnterCriticalSection	EXTERNAL:000000af	EnterCriticalSection
EXT:KERNEL32.DLL::FindClose	EXTERNAL:00000076	FindClose
EXT:KERNEL32.DLL::FindFirstFileW	EXTERNAL:00000074	FindFirstFileW
EXT:KERNEL32.DLL::FindNextFileW	EXTERNAL:00000075	FindNextFileW
EXT:KERNEL32.DLL::FlushFileBuffers	EXTERNAL:0000004b	FlushFileBuffers
EXT:KERNEL32.DLL::FormatMessageA	EXTERNAL:0000004a	FormatMessageA
EXT:KERNEL32.DLL::FreeLibrary	EXTERNAL:00000032	FreeLibrary
EXT:KERNEL32.DLL::GetACP	EXTERNAL:00000096	GetACP
EXT:KERNEL32.DLL::GetCommandLineA	EXTERNAL:00000099	GetCommandLineA
EXT:KERNEL32.DLL::GetComputerNameA	EXTERNAL:0000004e	GetComputerNameA
EXT:KERNEL32.DLL::GetComputerNameExA	EXTERNAL:00000034	GetComputerNameExA
EXT:KERNEL32.DLL::GetCurrentDirectoryA	EXTERNAL:0000009e	GetCurrentDirectoryA
EXT:KERNEL32.DLL::GetCurrentProcess	EXTERNAL:000000b2	GetCurrentProcess
EXT:KERNEL32.DLL::GetCurrentProcessId	EXTERNAL:0000003e	GetCurrentProcessId
EXT:KERNEL32.DLL::GetCurrentThread	EXTERNAL:00000025	GetCurrentThread
EXT:KERNEL32.DLL::GetCurrentThreadId	EXTERNAL:00000048	GetCurrentThreadId
EXT:KERNEL32.DLL::GetDiskFreeSpaceExA	EXTERNAL:000000a9	GetDiskFreeSpaceExA
EXT:KERNEL32.DLL::GetDriveTypeA	EXTERNAL:000000ab	GetDriveTypeA
EXT:KERNEL32.DLL::GetEnvironmentVariableA	EXTERNAL:00000094	GetEnvironmentVariableA
EXT:KERNEL32.DLL::GetExitCodeThread	EXTERNAL:00000053	GetExitCodeThread
EXT:KERNEL32.DLL::GetFileAttributesW	EXTERNAL:00000089	GetFileAttributesW
EXT:KERNEL32.DLL::GetFileSize	EXTERNAL:00000084	GetFileSize
EXT:KERNEL32.DLL::GetFileType	EXTERNAL:000000a6	GetFileType
EXT:KERNEL32.DLL::GetFullPathNameA	EXTERNAL:00000097	GetFullPathNameA
EXT:KERNEL32.DLL::GetFullPathNameW	EXTERNAL:00000091	GetFullPathNameW
EXT:KERNEL32.DLL::GetLastError	EXTERNAL:00000083	GetLastError
EXT:KERNEL32.DLL::GetLocaleInfoW	EXTERNAL:00000040	GetLocaleInfoW
EXT:KERNEL32.DLL::GetLogicalDrives	EXTERNAL:000000ac	GetLogicalDrives
EXT:KERNEL32.DLL::GetLongPathNameW	EXTERNAL:00000079	GetLongPathNameW
EXT:KERNEL32.DLL::GetModuleFileNameA	EXTERNAL:0000002f	GetModuleFileNameA
EXT:KERNEL32.DLL::GetModuleFileNameW	EXTERNAL:00000051	GetModuleFileNameW
EXT:KERNEL32.DLL::GetModuleHandleA	EXTERNAL:00000029	GetModuleHandleA
EXT:KERNEL32.DLL::GetModuleHandleW	EXTERNAL:00000073	GetModuleHandleW
EXT:KERNEL32.DLL::GetPriorityClass	EXTERNAL:00000023	GetPriorityClass
EXT:KERNEL32.DLL::GetProcAddress	EXTERNAL:00000028	GetProcAddress
EXT:KERNEL32.DLL::GetProcessAffinityMask	EXTERNAL:00000027	GetProcessAffinityMask
EXT:KERNEL32.DLL::GetProcessHeap	EXTERNAL:00000067	GetProcessHeap
EXT:KERNEL32.DLL::GetProcessTimes	EXTERNAL:00000098	GetProcessTimes
EXT:KERNEL32.DLL::GetStartupInfoA	EXTERNAL:000000a0	GetStartupInfoA
EXT:KERNEL32.DLL::GetStdHandle	EXTERNAL:000000a5	GetStdHandle
EXT:KERNEL32.DLL::GetSystemDefaultLCID	EXTERNAL:00000043	GetSystemDefaultLCID
EXT:KERNEL32.DLL::GetSystemDirectoryW	EXTERNAL:00000039	GetSystemDirectoryW
EXT:KERNEL32.DLL::GetSystemInfo	EXTERNAL:00000030	GetSystemInfo
EXT:KERNEL32.DLL::GetSystemTime	EXTERNAL:00000050	GetSystemTime
EXT:KERNEL32.DLL::GetSystemTimeAsFileTime	EXTERNAL:0000006c	GetSystemTimeAsFileTime
EXT:KERNEL32.DLL::GetTempPathW	EXTERNAL:0000008e	GetTempPathW
EXT:KERNEL32.DLL::GetThreadPriority	EXTERNAL:00000024	GetThreadPriority
EXT:KERNEL32.DLL::GetTickCount	EXTERNAL:00000045	GetTickCount
EXT:KERNEL32.DLL::GetVersion	EXTERNAL:00000072	GetVersion
EXT:KERNEL32.DLL::GetVersionExA	EXTERNAL:00000031	GetVersionExA
EXT:KERNEL32.DLL::GetVersionExW	EXTERNAL:0000003a	GetVersionExW
EXT:KERNEL32.DLL::GetVolumeInformationA	EXTERNAL:000000aa	GetVolumeInformationA
EXT:KERNEL32.DLL::GetVolumeInformationW	EXTERNAL:00000080	GetVolumeInformationW
EXT:KERNEL32.DLL::GetVolumePathNameW	EXTERNAL:0000008f	GetVolumePathNameW
EXT:KERNEL32.DLL::GetWindowsDirectoryW	EXTERNAL:00000044	GetWindowsDirectoryW
EXT:KERNEL32.DLL::GlobalAlloc	EXTERNAL:00000070	GlobalAlloc
EXT:KERNEL32.DLL::GlobalFree	EXTERNAL:0000006d	GlobalFree
EXT:KERNEL32.DLL::GlobalLock	EXTERNAL:0000006f	GlobalLock
EXT:KERNEL32.DLL::GlobalMemoryStatus	EXTERNAL:000000a4	GlobalMemoryStatus
EXT:KERNEL32.DLL::GlobalMemoryStatusEx	EXTERNAL:0000001f	GlobalMemoryStatusEx
EXT:KERNEL32.DLL::GlobalSize	EXTERNAL:00000071	GlobalSize
EXT:KERNEL32.DLL::GlobalUnlock	EXTERNAL:0000006e	GlobalUnlock
EXT:KERNEL32.DLL::HeapAlloc	EXTERNAL:00000066	HeapAlloc
EXT:KERNEL32.DLL::HeapFree	EXTERNAL:00000068	HeapFree
EXT:KERNEL32.DLL::InitializeCriticalSection	EXTERNAL:000000ad	InitializeCriticalSection
EXT:KERNEL32.DLL::InitializeCriticalSectionAndSpinCount	EXTERNAL:00000069	InitializeCriticalSectionAndSpinCount
EXT:KERNEL32.DLL::InterlockedCompareExchange	EXTERNAL:0000005e	InterlockedCompareExchange
EXT:KERNEL32.DLL::InterlockedDecrement	EXTERNAL:00000038	InterlockedDecrement
EXT:KERNEL32.DLL::InterlockedExchange	EXTERNAL:00000061	InterlockedExchange
EXT:KERNEL32.DLL::InterlockedExchangeAdd	EXTERNAL:0000005d	InterlockedExchangeAdd
EXT:KERNEL32.DLL::IsDebuggerPresent	EXTERNAL:0000003b	IsDebuggerPresent
EXT:KERNEL32.DLL::LCMapStringW	EXTERNAL:00000036	LCMapStringW
EXT:KERNEL32.DLL::LeaveCriticalSection	EXTERNAL:000000b0	LeaveCriticalSection
EXT:KERNEL32.DLL::LoadLibraryA	EXTERNAL:00000033	LoadLibraryA
EXT:KERNEL32.DLL::LoadLibraryW	EXTERNAL:00000095	LoadLibraryW
EXT:KERNEL32.DLL::LocalAlloc	EXTERNAL:0000002e	LocalAlloc
EXT:KERNEL32.DLL::LocalFree	EXTERNAL:0000002d	LocalFree
EXT:KERNEL32.DLL::MoveFileExW	EXTERNAL:0000008b	MoveFileExW
EXT:KERNEL32.DLL::MultiByteToWideChar	EXTERNAL:00000081	MultiByteToWideChar
EXT:KERNEL32.DLL::OpenProcess	EXTERNAL:0000003d	OpenProcess
EXT:KERNEL32.DLL::OutputDebugStringA	EXTERNAL:00000052	OutputDebugStringA
EXT:KERNEL32.DLL::QueryPerformanceCounter	EXTERNAL:000000a7	QueryPerformanceCounter
EXT:KERNEL32.DLL::QueryPerformanceFrequency	EXTERNAL:00000020	QueryPerformanceFrequency
EXT:KERNEL32.DLL::QueueUserAPC	EXTERNAL:00000064	QueueUserAPC
EXT:KERNEL32.DLL::RaiseException	EXTERNAL:00000063	RaiseException
EXT:KERNEL32.DLL::ReadFile	EXTERNAL:00000087	ReadFile
EXT:KERNEL32.DLL::ReleaseMutex	EXTERNAL:0000005c	ReleaseMutex
EXT:KERNEL32.DLL::ReleaseSemaphore	EXTERNAL:00000060	ReleaseSemaphore
EXT:KERNEL32.DLL::RemoveDirectoryW	EXTERNAL:00000092	RemoveDirectoryW
EXT:KERNEL32.DLL::ResumeThread	EXTERNAL:00000047	ResumeThread
EXT:KERNEL32.DLL::SetEndOfFile	EXTERNAL:00000085	SetEndOfFile
EXT:KERNEL32.DLL::SetEnvironmentVariableA	EXTERNAL:00000093	SetEnvironmentVariableA
EXT:KERNEL32.DLL::SetEvent	EXTERNAL:00000077	SetEvent
EXT:KERNEL32.DLL::SetFileAttributesW	EXTERNAL:0000008d	SetFileAttributesW
EXT:KERNEL32.DLL::SetFilePointer	EXTERNAL:00000086	SetFilePointer
EXT:KERNEL32.DLL::SetLastError	EXTERNAL:00000041	SetLastError
EXT:KERNEL32.DLL::SetPriorityClass	EXTERNAL:00000022	SetPriorityClass
EXT:KERNEL32.DLL::SetProcessAffinityMask	EXTERNAL:0000003c	SetProcessAffinityMask
EXT:KERNEL32.DLL::SetThreadAffinityMask	EXTERNAL:00000026	SetThreadAffinityMask
EXT:KERNEL32.DLL::SetThreadIdealProcessor	EXTERNAL:00000057	SetThreadIdealProcessor
EXT:KERNEL32.DLL::SetThreadPriority	EXTERNAL:00000021	SetThreadPriority
EXT:KERNEL32.DLL::SetUnhandledExceptionFilter	EXTERNAL:0000004d	SetUnhandledExceptionFilter
EXT:KERNEL32.DLL::Sleep	EXTERNAL:0000009a	Sleep
EXT:KERNEL32.DLL::SleepEx	EXTERNAL:00000058	SleepEx
EXT:KERNEL32.DLL::SystemTimeToFileTime	EXTERNAL:0000004f	SystemTimeToFileTime
EXT:KERNEL32.DLL::TerminateProcess	EXTERNAL:0000004c	TerminateProcess
EXT:KERNEL32.DLL::TlsAlloc	EXTERNAL:00000054	TlsAlloc
EXT:KERNEL32.DLL::TlsFree	EXTERNAL:00000062	TlsFree
EXT:KERNEL32.DLL::TlsGetValue	EXTERNAL:000000a8	TlsGetValue
EXT:KERNEL32.DLL::TlsSetValue	EXTERNAL:00000055	TlsSetValue
EXT:KERNEL32.DLL::TryEnterCriticalSection	EXTERNAL:0000005b	TryEnterCriticalSection
EXT:KERNEL32.DLL::UnhandledExceptionFilter	EXTERNAL:0000009f	UnhandledExceptionFilter
EXT:KERNEL32.DLL::VirtualAlloc	EXTERNAL:0000006b	VirtualAlloc
EXT:KERNEL32.DLL::VirtualFree	EXTERNAL:0000006a	VirtualFree
EXT:KERNEL32.DLL::VirtualQuery	EXTERNAL:00000046	VirtualQuery
EXT:KERNEL32.DLL::WaitForMultipleObjectsEx	EXTERNAL:0000007a	WaitForMultipleObjectsEx
EXT:KERNEL32.DLL::WaitForSingleObject	EXTERNAL:0000005a	WaitForSingleObject
EXT:KERNEL32.DLL::WideCharToMultiByte	EXTERNAL:00000082	WideCharToMultiByte
EXT:KERNEL32.DLL::WriteFile	EXTERNAL:00000088	WriteFile
EXT:MSVCR90.DLL::__iob_func	EXTERNAL:00000183	__iob_func
EXT:MSVCR90.DLL::_beginthreadex	EXTERNAL:00000161	_beginthreadex
EXT:MSVCR90.DLL::_cexit	EXTERNAL:00000139	_cexit
EXT:MSVCR90.DLL::_control87	EXTERNAL:0000014d	_control87
EXT:MSVCR90.DLL::_controlfp	EXTERNAL:00000150	_controlfp
EXT:MSVCR90.DLL::_ecvt	EXTERNAL:00000160	_ecvt
EXT:MSVCR90.DLL::_errno	EXTERNAL:00000176	_errno
EXT:MSVCR90.DLL::_fcvt	EXTERNAL:0000015f	_fcvt
EXT:MSVCR90.DLL::_finite	EXTERNAL:00000155	_finite
EXT:MSVCR90.DLL::_getdrive	EXTERNAL:0000015d	_getdrive
EXT:MSVCR90.DLL::_gmtime64	EXTERNAL:00000170	_gmtime64
EXT:MSVCR90.DLL::_ismbblead	EXTERNAL:00000136	_ismbblead
EXT:MSVCR90.DLL::_isnan	EXTERNAL:00000154	_isnan
EXT:MSVCR90.DLL::_localtime64	EXTERNAL:00000164	_localtime64
EXT:MSVCR90.DLL::_ltoa	EXTERNAL:0000017d	_ltoa
EXT:MSVCR90.DLL::_ltow	EXTERNAL:0000016e	_ltow
EXT:MSVCR90.DLL::_mktime64	EXTERNAL:00000162	_mktime64
EXT:MSVCR90.DLL::_onexit	EXTERNAL:0000013e	_onexit
EXT:MSVCR90.DLL::_searchenv	EXTERNAL:00000156	_searchenv
EXT:MSVCR90.DLL::_setmbcp	EXTERNAL:0000016c	_setmbcp
EXT:MSVCR90.DLL::_snprintf	EXTERNAL:00000172	_snprintf
EXT:MSVCR90.DLL::_stricmp	EXTERNAL:000001a3	_stricmp
EXT:MSVCR90.DLL::_strlwr	EXTERNAL:00000152	_strlwr
EXT:MSVCR90.DLL::_strnicmp	EXTERNAL:000001a0	_strnicmp
EXT:MSVCR90.DLL::_strtoui64	EXTERNAL:0000015a	_strtoui64
EXT:MSVCR90.DLL::_time32	EXTERNAL:0000012c	_time32
EXT:MSVCR90.DLL::_time64	EXTERNAL:000001c3	_time64
EXT:MSVCR90.DLL::_ultoa	EXTERNAL:00000151	_ultoa
EXT:MSVCR90.DLL::_ultow	EXTERNAL:00000197	_ultow
EXT:MSVCR90.DLL::_vsnprintf	EXTERNAL:00000175	_vsnprintf
EXT:MSVCR90.DLL::_wcsicmp	EXTERNAL:000001af	_wcsicmp
EXT:MSVCR90.DLL::_wcslwr	EXTERNAL:0000016d	_wcslwr
EXT:MSVCR90.DLL::_wcsnicmp	EXTERNAL:000001b5	_wcsnicmp
EXT:MSVCR90.DLL::_wgetcwd	EXTERNAL:0000015b	_wgetcwd
EXT:MSVCR90.DLL::_wgetdcwd	EXTERNAL:0000015e	_wgetdcwd
EXT:MSVCR90.DLL::_wsearchenv	EXTERNAL:00000157	_wsearchenv
EXT:MSVCR90.DLL::_wstat64i32	EXTERNAL:0000015c	_wstat64i32
EXT:MSVCR90.DLL::_wtol	EXTERNAL:000001a7	_wtol
EXT:MSVCR90.DLL::abort	EXTERNAL:00000171	abort
EXT:MSVCR90.DLL::atof	EXTERNAL:00000168	atof
EXT:MSVCR90.DLL::atoi	EXTERNAL:00000169	atoi
EXT:MSVCR90.DLL::atol	EXTERNAL:0000019e	atol
EXT:MSVCR90.DLL::ceil	EXTERNAL:0000019b	ceil
EXT:MSVCR90.DLL::decode_pointer	EXTERNAL:0000013d	decode_pointer
EXT:MSVCR90.DLL::encode_pointer	EXTERNAL:00000140	encode_pointer
EXT:MSVCR90.DLL::exit	EXTERNAL:00000185	exit
EXT:MSVCR90.DLL::fclose	EXTERNAL:00000190	fclose
EXT:MSVCR90.DLL::feof	EXTERNAL:000001bf	feof
EXT:MSVCR90.DLL::fgets	EXTERNAL:0000017e	fgets
EXT:MSVCR90.DLL::fopen	EXTERNAL:00000192	fopen
EXT:MSVCR90.DLL::fprintf	EXTERNAL:00000191	fprintf
EXT:MSVCR90.DLL::fputs	EXTERNAL:00000153	fputs
EXT:MSVCR90.DLL::fread	EXTERNAL:000001be	fread
EXT:MSVCR90.DLL::free	EXTERNAL:000001c0	free
EXT:MSVCR90.DLL::fseek	EXTERNAL:0000017b	fseek
EXT:MSVCR90.DLL::ftell	EXTERNAL:00000173	ftell
EXT:MSVCR90.DLL::fwrite	EXTERNAL:00000193	fwrite
EXT:MSVCR90.DLL::getenv	EXTERNAL:00000179	getenv
EXT:MSVCR90.DLL::isalnum	EXTERNAL:000001b0	isalnum
EXT:MSVCR90.DLL::isalpha	EXTERNAL:000001b2	isalpha
EXT:MSVCR90.DLL::isdigit	EXTERNAL:0000019f	isdigit
EXT:MSVCR90.DLL::isprint	EXTERNAL:00000167	isprint
EXT:MSVCR90.DLL::isspace	EXTERNAL:000001ae	isspace
EXT:MSVCR90.DLL::isupper	EXTERNAL:00000145	isupper
EXT:MSVCR90.DLL::iswctype	EXTERNAL:000001b7	iswctype
EXT:MSVCR90.DLL::isxdigit	EXTERNAL:000001b8	isxdigit
EXT:MSVCR90.DLL::ldexp	EXTERNAL:00000148	ldexp
EXT:MSVCR90.DLL::longjmp	EXTERNAL:00000178	longjmp
EXT:MSVCR90.DLL::malloc	EXTERNAL:000001c2	malloc
EXT:MSVCR90.DLL::memchr	EXTERNAL:000001b9	memchr
EXT:MSVCR90.DLL::memmove	EXTERNAL:0000018c	memmove
EXT:MSVCR90.DLL::modf	EXTERNAL:0000019c	modf
EXT:MSVCR90.DLL::qsort	EXTERNAL:000001bc	qsort
EXT:MSVCR90.DLL::rand	EXTERNAL:000001c4	rand
EXT:MSVCR90.DLL::setlocale	EXTERNAL:0000016b	setlocale
EXT:MSVCR90.DLL::sprintf	EXTERNAL:00000194	sprintf
EXT:MSVCR90.DLL::sscanf	EXTERNAL:000001a2	sscanf
EXT:MSVCR90.DLL::stat64i32	EXTERNAL:0000017f	stat64i32
EXT:MSVCR90.DLL::strchr	EXTERNAL:000001ad	strchr
EXT:MSVCR90.DLL::strcspn	EXTERNAL:00000181	strcspn
EXT:MSVCR90.DLL::strftime	EXTERNAL:00000163	strftime
EXT:MSVCR90.DLL::strncat	EXTERNAL:0000014f	strncat
EXT:MSVCR90.DLL::strncmp	EXTERNAL:000001ab	strncmp
EXT:MSVCR90.DLL::strncpy	EXTERNAL:000001a9	strncpy
EXT:MSVCR90.DLL::strpbrk	EXTERNAL:00000166	strpbrk
EXT:MSVCR90.DLL::strrchr	EXTERNAL:0000016f	strrchr
EXT:MSVCR90.DLL::strspn	EXTERNAL:00000180	strspn
EXT:MSVCR90.DLL::strstr	EXTERNAL:000001ba	strstr
EXT:MSVCR90.DLL::strtod	EXTERNAL:00000198	strtod
EXT:MSVCR90.DLL::strtol	EXTERNAL:00000165	strtol
EXT:MSVCR90.DLL::strtoul	EXTERNAL:000001aa	strtoul
EXT:MSVCR90.DLL::swscanf	EXTERNAL:000001a4	swscanf
EXT:MSVCR90.DLL::tmpfile	EXTERNAL:0000017a	tmpfile
EXT:MSVCR90.DLL::tolower	EXTERNAL:00000127	tolower
EXT:MSVCR90.DLL::toupper	EXTERNAL:000001ac	toupper
EXT:MSVCR90.DLL::towlower	EXTERNAL:000001b6	towlower
EXT:MSVCR90.DLL::towupper	EXTERNAL:0000016a	towupper
EXT:MSVCR90.DLL::vfprintf	EXTERNAL:00000147	vfprintf
EXT:MSVCR90.DLL::vsprintf	EXTERNAL:00000149	vsprintf
EXT:MSVCR90.DLL::wcschr	EXTERNAL:000001b4	wcschr
EXT:MSVCR90.DLL::wcscspn	EXTERNAL:0000014e	wcscspn
EXT:MSVCR90.DLL::wcsncat	EXTERNAL:0000014c	wcsncat
EXT:MSVCR90.DLL::wcsncmp	EXTERNAL:000001a6	wcsncmp
EXT:MSVCR90.DLL::wcsncpy	EXTERNAL:000001a8	wcsncpy
EXT:MSVCR90.DLL::wcsrchr	EXTERNAL:00000182	wcsrchr
EXT:MSVCR90.DLL::wcsstr	EXTERNAL:000001b3	wcsstr
EXT:MSVCR90.DLL::wcstod	EXTERNAL:000001b1	wcstod
EXT:MSVCR90.DLL::wcstol	EXTERNAL:000001a5	wcstol
EXT:MSVCR90.DLL::wcstoul	EXTERNAL:00000196	wcstoul
EXT:OLE32.DLL::CoLockObjectExternal	EXTERNAL:00000124	CoLockObjectExternal
EXT:OLE32.DLL::OleInitialize	EXTERNAL:00000121	OleInitialize
EXT:OLE32.DLL::RegisterDragDrop	EXTERNAL:00000122	RegisterDragDrop
EXT:OLE32.DLL::ReleaseStgMedium	EXTERNAL:00000126	ReleaseStgMedium
EXT:OLE32.DLL::RevokeDragDrop	EXTERNAL:00000123	RevokeDragDrop
EXT:SHELL32.DLL::DragQueryFileW	EXTERNAL:0000011f	DragQueryFileW
EXT:SHELL32.DLL::SHGetFolderPathW	EXTERNAL:0000011e	SHGetFolderPathW
EXT:SHELL32.DLL::ShellExecuteW	EXTERNAL:00000120	ShellExecuteW
EXT:STEAM_API.DLL::SteamApps	EXTERNAL:0000001c	SteamApps
EXT:USER32.DLL::AdjustWindowRectEx	EXTERNAL:000000d8	AdjustWindowRectEx
EXT:USER32.DLL::BeginPaint	EXTERNAL:000000da	BeginPaint
EXT:USER32.DLL::CallNextHookEx	EXTERNAL:000000f8	CallNextHookEx
EXT:USER32.DLL::ChangeClipboardChain	EXTERNAL:000000c9	ChangeClipboardChain
EXT:USER32.DLL::ClientToScreen	EXTERNAL:000000df	ClientToScreen
EXT:USER32.DLL::CloseClipboard	EXTERNAL:000000c8	CloseClipboard
EXT:USER32.DLL::CreateWindowExA	EXTERNAL:000000c1	CreateWindowExA
EXT:USER32.DLL::CreateWindowExW	EXTERNAL:000000b4	CreateWindowExW
EXT:USER32.DLL::DefWindowProcA	EXTERNAL:000000cd	DefWindowProcA
EXT:USER32.DLL::DefWindowProcW	EXTERNAL:00000101	DefWindowProcW
EXT:USER32.DLL::DestroyCursor	EXTERNAL:000000f2	DestroyCursor
EXT:USER32.DLL::DestroyWindow	EXTERNAL:000000ba	DestroyWindow
EXT:USER32.DLL::DispatchMessageW	EXTERNAL:000000de	DispatchMessageW
EXT:USER32.DLL::EmptyClipboard	EXTERNAL:000000c6	EmptyClipboard
EXT:USER32.DLL::EndPaint	EXTERNAL:000000db	EndPaint
EXT:USER32.DLL::EnumDisplayMonitors	EXTERNAL:000000dc	EnumDisplayMonitors
EXT:USER32.DLL::FillRect	EXTERNAL:000000ed	FillRect
EXT:USER32.DLL::GetActiveWindow	EXTERNAL:000000ec	GetActiveWindow
EXT:USER32.DLL::GetAncestor	EXTERNAL:000000e8	GetAncestor
EXT:USER32.DLL::GetAsyncKeyState	EXTERNAL:000000f7	GetAsyncKeyState
EXT:USER32.DLL::GetClientRect	EXTERNAL:000000b8	GetClientRect
EXT:USER32.DLL::GetClipboardData	EXTERNAL:000000c4	GetClipboardData
EXT:USER32.DLL::GetCursorPos	EXTERNAL:000000cb	GetCursorPos
EXT:USER32.DLL::GetDC	EXTERNAL:00000102	GetDC
EXT:USER32.DLL::GetDesktopWindow	EXTERNAL:000000bb	GetDesktopWindow
EXT:USER32.DLL::GetForegroundWindow	EXTERNAL:000000f9	GetForegroundWindow
EXT:USER32.DLL::GetIconInfo	EXTERNAL:000000f3	GetIconInfo
EXT:USER32.DLL::GetKeyState	EXTERNAL:000000e2	GetKeyState
EXT:USER32.DLL::GetKeyboardLayout	EXTERNAL:000000cf	GetKeyboardLayout
EXT:USER32.DLL::GetMenu	EXTERNAL:000000d7	GetMenu
EXT:USER32.DLL::GetMonitorInfoA	EXTERNAL:000000fb	GetMonitorInfoA
EXT:USER32.DLL::GetProcessWindowStation	EXTERNAL:00000105	GetProcessWindowStation
EXT:USER32.DLL::GetSystemMetrics	EXTERNAL:000000b7	GetSystemMetrics
EXT:USER32.DLL::GetUserObjectInformationW	EXTERNAL:00000106	GetUserObjectInformationW
EXT:USER32.DLL::GetWindowLongA	EXTERNAL:000000b6	GetWindowLongA
EXT:USER32.DLL::GetWindowRect	EXTERNAL:000000e5	GetWindowRect
EXT:USER32.DLL::GetWindowThreadProcessId	EXTERNAL:000000fa	GetWindowThreadProcessId
EXT:USER32.DLL::InvalidateRect	EXTERNAL:000000f0	InvalidateRect
EXT:USER32.DLL::IsClipboardFormatAvailable	EXTERNAL:000000c3	IsClipboardFormatAvailable
EXT:USER32.DLL::IsWindowVisible	EXTERNAL:000000ea	IsWindowVisible
EXT:USER32.DLL::IsZoomed	EXTERNAL:000000e7	IsZoomed
EXT:USER32.DLL::KillTimer	EXTERNAL:000000e0	KillTimer
EXT:USER32.DLL::LoadIconA	EXTERNAL:000000f1	LoadIconA
EXT:USER32.DLL::LoadImageW	EXTERNAL:000000f4	LoadImageW
EXT:USER32.DLL::MessageBoxA	EXTERNAL:00000109	MessageBoxA
EXT:USER32.DLL::MessageBoxW	EXTERNAL:00000108	MessageBoxW
EXT:USER32.DLL::MoveWindow	EXTERNAL:000000d9	MoveWindow
EXT:USER32.DLL::OpenClipboard	EXTERNAL:0000010a	OpenClipboard
EXT:USER32.DLL::PeekMessageA	EXTERNAL:000000ce	PeekMessageA
EXT:USER32.DLL::PeekMessageW	EXTERNAL:000000dd	PeekMessageW
EXT:USER32.DLL::PostMessageA	EXTERNAL:000000e3	PostMessageA
EXT:USER32.DLL::PostQuitMessage	EXTERNAL:0000010b	PostQuitMessage
EXT:USER32.DLL::RegisterClassA	EXTERNAL:000000c0	RegisterClassA
EXT:USER32.DLL::ReleaseCapture	EXTERNAL:000000d5	ReleaseCapture
EXT:USER32.DLL::ReleaseDC	EXTERNAL:00000103	ReleaseDC
EXT:USER32.DLL::ScreenToClient	EXTERNAL:000000fc	ScreenToClient
EXT:USER32.DLL::SendMessageA	EXTERNAL:000000fd	SendMessageA
EXT:USER32.DLL::SetCapture	EXTERNAL:000000d6	SetCapture
EXT:USER32.DLL::SetClipboardData	EXTERNAL:000000c7	SetClipboardData
EXT:USER32.DLL::SetClipboardViewer	EXTERNAL:000000c2	SetClipboardViewer
EXT:USER32.DLL::SetCursor	EXTERNAL:000000d2	SetCursor
EXT:USER32.DLL::SetCursorPos	EXTERNAL:000000d3	SetCursorPos
EXT:USER32.DLL::SetFocus	EXTERNAL:00000100	SetFocus
EXT:USER32.DLL::SetWindowLongA	EXTERNAL:000000ff	SetWindowLongA
EXT:USER32.DLL::SetWindowPos	EXTERNAL:000000b5	SetWindowPos
EXT:USER32.DLL::SetWindowTextW	EXTERNAL:000000b9	SetWindowTextW
EXT:USER32.DLL::ShowWindow	EXTERNAL:00000107	ShowWindow
EXT:USER32.DLL::SystemParametersInfoA	EXTERNAL:00000104	SystemParametersInfoA
EXT:USER32.DLL::TranslateMessage	EXTERNAL:000000c5	TranslateMessage
EXT:USER32.DLL::UnregisterClassA	EXTERNAL:000000e1	UnregisterClassA
EXT:USER32.DLL::UpdateWindow	EXTERNAL:000000ee	UpdateWindow
EXT:USER32.DLL::wsprintfA	EXTERNAL:000000bf	wsprintfA
EXT:USER32.DLL::wsprintfW	EXTERNAL:000000ca	wsprintfW
EXT:WINMM.DLL::timeBeginPeriod	EXTERNAL:00000002	timeBeginPeriod
EXT:WINMM.DLL::timeEndPeriod	EXTERNAL:00000001	timeEndPeriod
EXT:WINMM.DLL::timeGetTime	EXTERNAL:00000003	timeGetTime
EXT:WS2_32.DLL::WSAIoctl	EXTERNAL:000001ea	WSAIoctl
EXT:WS2_32.DLL::WSASocketA	EXTERNAL:000001ec	WSASocketA
EXT:WSOCK32.DLL::Ordinal_1	EXTERNAL:00000007	Ordinal_1
EXT:WSOCK32.DLL::Ordinal_10	EXTERNAL:0000000d	Ordinal_10
EXT:WSOCK32.DLL::Ordinal_111	EXTERNAL:00000012	Ordinal_111
EXT:WSOCK32.DLL::Ordinal_116	EXTERNAL:00000011	Ordinal_116
EXT:WSOCK32.DLL::Ordinal_16	EXTERNAL:0000000c	Ordinal_16
EXT:WSOCK32.DLL::Ordinal_19	EXTERNAL:00000004	Ordinal_19
EXT:WSOCK32.DLL::Ordinal_22	EXTERNAL:00000018	Ordinal_22
EXT:WSOCK32.DLL::Ordinal_23	EXTERNAL:00000016	Ordinal_23
EXT:WSOCK32.DLL::Ordinal_3	EXTERNAL:0000000f	Ordinal_3
EXT:WSOCK32.DLL::Ordinal_4	EXTERNAL:00000006	Ordinal_4
EXT:WSOCK32.DLL::Ordinal_5	EXTERNAL:00000019	Ordinal_5
EXT:WSOCK32.DLL::Ordinal_52	EXTERNAL:0000000e	Ordinal_52
EXT:WSOCK32.DLL::Ordinal_7	EXTERNAL:00000009	Ordinal_7
